geography_type,geography_name,total_returns,returns_with_eitc,returns_with_ctc,total_federal_eitc,total_state_eitc,total_ctc,avg_federal_eitc_per_claim,avg_state_eitc_per_claim,avg_ctc_per_claim,eitc_participation_rate,ctc_participation_rate,county_name,district_number
state,Hawaii,1349497,82116,242909,384524579.9999998,188916926.15399992,72730506.00000001,4682.699839251788,2300.6104310244036,299.41462028990287,6.084933867952282,17.999965913225445,,
county,Hawaii County,157736,9598,28393,58459690.65309922,28721246.017867647,7087972.13331149,6090.82003053753,2992.419881003089,249.63801406373014,6.084828444305613,18.000264015333325,Hawaii,
county,Honolulu County,972494,59176,175049,263436076.06603923,129426144.17124508,55365492.18519829,4451.738476173436,2187.139113344009,316.28568106757706,6.084972881856697,18.000007063609115,Honolulu,
county,Kauai County,65519,3987,11794,19361405.865750365,9512258.701843154,2796122.270961167,4856.133901617849,2385.8185858648494,237.08006367315303,6.085209116762192,18.00074149061783,Kauai,
county,Maui County,153739,9355,27673,43267407.41511114,21257277.263044104,7480919.410529047,4625.056912358219,2272.290461041593,270.33279407830906,6.084954999370664,17.99988879717631,Maui,
house_district,House District 1,34291,2087,6172,12708628.402847655,6243749.134319053,1540863.507241628,6089.42,2991.7341324001213,249.65,6.086145052637718,17.998891837508385,,1.0
house_district,House District 2,34291,2087,6172,12708628.402847655,6243749.134319053,1540863.507241628,6089.42,2991.7341324001213,249.65,6.086145052637718,17.998891837508385,,2.0
house_district,House District 3,34291,2087,6172,12708628.402847655,6243749.134319053,1540863.507241628,6089.42,2991.7341324001213,249.65,6.086145052637718,17.998891837508385,,3.0
house_district,House District 4,20574,1252,3703,7625177.041708593,3746249.480591432,924518.1043449768,6090.4,2992.2120452008244,249.67,6.085350442305823,17.998444638864587,,4.0
house_district,House District 5,13716,835,2469,5083451.361139062,2497499.6537276213,616345.4028966513,6087.97,2991.017549374397,249.63,6.087780694079907,18.00087489063867,,5.0
house_district,House District 6,6858,417,1234,2541725.680569531,1248749.8268638107,308172.70144832565,6095.27,2994.603901352064,249.73,6.080489938757655,17.993584135316418,,6.0
house_district,House District 7,13716,835,2469,5083451.361139062,2497499.6537276213,616345.4028966513,6087.97,2991.017549374397,249.63,6.087780694079907,18.00087489063867,,7.0
house_district,House District 8,21963,1336,3953,6181058.202158734,3036753.894720586,1068702.772932721,4626.54,2273.019382275888,270.35,6.082957701589036,17.998451941902292,,8.0
house_district,House District 9,10981,668,1977,3090529.101079367,1518376.947360293,534351.3864663605,4626.54,2273.019382275888,270.28,6.08323467808032,18.00382478827065,,9.0
house_district,House District 10,21963,1336,3953,6181058.202158734,3036753.894720586,1068702.772932721,4626.54,2273.019382275888,270.35,6.082957701589036,17.998451941902292,,10.0
house_district,House District 11,21963,1336,3953,6181058.202158734,3036753.894720586,1068702.772932721,4626.54,2273.019382275888,270.35,6.082957701589036,17.998451941902292,,11.0
house_district,House District 12,32944,2005,5930,9271587.3032381,4555130.842080878,1603054.1593990815,4624.23,2271.8857067735053,270.33,6.086085478387567,18.000242836328315,,12.0
house_district,House District 13,54846,3337,9872,15589017.38194253,7658884.239748365,2603425.92435897,4671.57,2295.1406172455395,263.72,6.084308791890019,17.999489479633883,,13.0
house_district,House District 14,16380,997,2948,4840351.466437591,2378064.6754607884,699030.5677402917,4854.92,2385.220336470199,237.12,6.086691086691086,17.997557997557998,,14.0
house_district,House District 15,16380,997,2948,4840351.466437591,2378064.6754607884,699030.5677402917,4854.92,2385.220336470199,237.12,6.086691086691086,17.997557997557998,,15.0
house_district,House District 16,21840,1329,3931,6453801.955250122,3170752.900614385,932040.7569870556,4856.13,2385.8185858648494,237.1,6.085164835164835,17.999084249084248,,16.0
house_district,House District 17,19450,1184,3501,5268721.521320784,2588522.8834249014,1107309.843703966,4449.93,2186.2524353250856,316.28,6.087403598971722,18.0,,17.0
house_district,House District 18,19450,1184,3501,5268721.521320784,2588522.8834249014,1107309.843703966,4449.93,2186.2524353250856,316.28,6.087403598971722,18.0,,18.0
house_district,House District 19,38900,2367,7002,10537443.042641569,5177045.766849803,2214619.687407932,4451.81,2187.176073869794,316.28,6.084832904884319,18.0,,19.0
house_district,House District 20,58350,3537,10506,15806164.563962352,7765568.650274703,3321929.5311118974,4468.81,2195.5240741517396,316.19,6.061696658097686,18.00514138817481,,20.0
house_district,House District 21,19450,1184,3501,5268721.521320784,2588522.8834249014,1107309.843703966,4449.93,2186.2524353250856,316.28,6.087403598971722,18.0,,21.0
house_district,House District 22,38900,2367,7002,10537443.042641569,5177045.766849803,2214619.687407932,4451.81,2187.176073869794,316.28,6.084832904884319,18.0,,22.0
house_district,House District 23,58350,3551,10503,15806164.563962352,7765568.650274703,3321929.5311118974,4451.19,2186.8681076526905,316.28,6.085689802913453,18.0,,23.0
house_district,House District 24,58350,3551,10503,15806164.563962352,7765568.650274703,3321929.5311118974,4451.19,2186.8681076526905,316.28,6.085689802913453,18.0,,24.0
house_district,House District 25,19450,1184,3501,5268721.521320784,2588522.8834249014,1107309.843703966,4449.93,2186.2524353250856,316.28,6.087403598971722,18.0,,25.0
house_district,House District 26,38900,2367,7002,10537443.042641569,5177045.766849803,2214619.687407932,4451.81,2187.176073869794,316.28,6.084832904884319,18.0,,26.0
house_district,House District 27,38900,2367,7002,10537443.042641569,5177045.766849803,2214619.687407932,4451.81,2187.176073869794,316.28,6.084832904884319,18.0,,27.0
house_district,House District 28,19450,1184,3501,5268721.521320784,2588522.8834249014,1107309.843703966,4449.93,2186.2524353250856,316.28,6.087403598971722,18.0,,28.0
house_district,House District 29,19450,1184,3501,5268721.521320784,2588522.8834249014,1107309.843703966,4449.93,2186.2524353250856,316.28,6.087403598971722,18.0,,29.0
house_district,House District 30,19450,1184,3501,5268721.521320784,2588522.8834249014,1107309.843703966,4449.93,2186.2524353250856,316.28,6.087403598971722,18.0,,30.0
house_district,House District 31,19450,1184,3501,5268721.521320784,2588522.8834249014,1107309.843703966,4449.93,2186.2524353250856,316.28,6.087403598971722,18.0,,31.0
house_district,House District 32,19450,1184,3501,5268721.521320784,2588522.8834249014,1107309.843703966,4449.93,2186.2524353250856,316.28,6.087403598971722,18.0,,32.0
house_district,House District 33,19450,1184,3501,5268721.521320784,2588522.8834249014,1107309.843703966,4449.93,2186.2524353250856,316.28,6.087403598971722,18.0,,33.0
house_district,House District 34,19450,1184,3501,5268721.521320784,2588522.8834249014,1107309.843703966,4449.93,2186.2524353250856,316.28,6.087403598971722,18.0,,34.0
house_district,House District 35,19450,1184,3501,5268721.521320784,2588522.8834249014,1107309.843703966,4449.93,2186.2524353250856,316.28,6.087403598971722,18.0,,35.0
house_district,House District 36,38900,2367,7002,10537443.042641569,5177045.766849803,2214619.687407932,4451.81,2187.176073869794,316.28,6.084832904884319,18.0,,36.0
house_district,House District 37,19450,1184,3501,5268721.521320784,2588522.8834249014,1107309.843703966,4449.93,2186.2524353250856,316.28,6.087403598971722,18.0,,37.0
house_district,House District 38,19450,1184,3501,5268721.521320784,2588522.8834249014,1107309.843703966,4449.93,2186.2524353250856,316.28,6.087403598971722,18.0,,38.0
house_district,House District 39,19450,1184,3501,5268721.521320784,2588522.8834249014,1107309.843703966,4449.93,2186.2524353250856,316.28,6.087403598971722,18.0,,39.0
house_district,House District 40,19450,1184,3501,5268721.521320784,2588522.8834249014,1107309.843703966,4449.93,2186.2524353250856,316.28,6.087403598971722,18.0,,40.0
house_district,House District 41,19450,1184,3501,5268721.521320784,2588522.8834249014,1107309.843703966,4449.93,2186.2524353250856,316.28,6.087403598971722,18.0,,41.0
house_district,House District 42,19450,1184,3501,5268721.521320784,2588522.8834249014,1107309.843703966,4449.93,2186.2524353250856,316.28,6.087403598971722,18.0,,42.0
house_district,House District 43,19450,1184,3501,5268721.521320784,2588522.8834249014,1107309.843703966,4449.93,2186.2524353250856,316.28,6.087403598971722,18.0,,43.0
house_district,House District 44,19450,1184,3501,5268721.521320784,2588522.8834249014,1107309.843703966,4449.93,2186.2524353250856,316.28,6.087403598971722,18.0,,44.0
house_district,House District 45,19450,1184,3501,5268721.521320784,2588522.8834249014,1107309.843703966,4449.93,2186.2524353250856,316.28,6.087403598971722,18.0,,45.0
house_district,House District 46,38900,2367,7002,10537443.042641569,5177045.766849803,2214619.687407932,4451.81,2187.176073869794,316.28,6.084832904884319,18.0,,46.0
house_district,House District 47,58350,3551,10503,15806164.563962352,7765568.650274703,3321929.5311118974,4451.19,2186.8681076526905,316.28,6.085689802913453,18.0,,47.0
house_district,House District 48,38900,2367,7002,10537443.042641569,5177045.766849803,2214619.687407932,4451.81,2187.176073869794,316.28,6.084832904884319,18.0,,48.0
house_district,House District 49,19450,1184,3501,5268721.521320784,2588522.8834249014,1107309.843703966,4449.93,2186.2524353250856,316.28,6.087403598971722,18.0,,49.0
house_district,House District 50,19450,1184,3501,5268721.521320784,2588522.8834249014,1107309.843703966,4449.93,2186.2524353250856,316.28,6.087403598971722,18.0,,50.0
house_district,House District 51,19450,1184,3501,5268721.521320784,2588522.8834249014,1107309.843703966,4449.93,2186.2524353250856,316.28,6.087403598971722,18.0,,51.0
senate_district,Senate District 1,68581,4173,12345,25417256.80569531,12487498.268638106,3081727.0144832563,6090.88,2992.4510588636726,249.63,6.084775666729852,18.00061241451714,,1.0
senate_district,Senate District 2,54865,3339,9876,20333805.444556247,9989998.614910485,2465381.611586605,6089.79,2991.9133318090703,249.63,6.085847079194386,18.000546796682766,,2.0
senate_district,Senate District 3,20574,1252,3703,7625177.041708593,3746249.480591432,924518.1043449768,6090.4,2992.2120452008244,249.67,6.085350442305823,17.998444638864587,,3.0
senate_district,Senate District 4,35679,2171,6422,11264509.563297795,5534253.548448207,1685048.1758293724,5188.63,2549.172523467622,262.39,6.084811794052524,17.9993833907901,,4.0
senate_district,Senate District 5,43926,2673,7907,12362116.404317468,6073507.789441172,2137405.545865442,4624.81,2272.1690196188447,270.32,6.085234257615079,18.000728497928336,,5.0
senate_district,Senate District 6,43926,2673,7907,12362116.404317468,6073507.789441172,2137405.545865442,4624.81,2272.1690196188447,270.32,6.085234257615079,18.000728497928336,,6.0
senate_district,Senate District 7,71226,4334,12821,20429368.84838012,10036948.915209152,3302456.492099262,4713.74,2315.8626938645943,257.58,6.084856653469239,18.000449274141463,,7.0
senate_district,Senate District 8,38220,2326,6880,11294153.421687713,5548817.576075174,1631071.3247273474,4855.61,2385.5621565241504,237.07,6.0858189429618,18.001046572475143,,8.0
senate_district,Senate District 9,38900,2367,7002,10537443.042641569,5177045.766849803,2214619.687407932,4451.81,2187.176073869794,316.28,6.084832904884319,18.0,,9.0
senate_district,Senate District 10,97249,5918,17505,26343607.606603924,12942614.417124508,5536549.218519829,4451.44,2186.991283731752,316.28,6.085409618607904,18.00018509187755,,10.0
senate_district,Senate District 11,58350,3551,10503,15806164.563962352,7765568.650274703,3321929.5311118974,4451.19,2186.8681076526905,316.28,6.085689802913453,18.0,,11.0
senate_district,Senate District 12,116699,7097,21003,31612329.127924707,15531137.300549408,6643859.062223795,4454.32,2188.408806615388,316.33,6.081457424656596,17.99758352685113,,12.0
senate_district,Senate District 13,97249,5918,17505,26343607.606603924,12942614.417124508,5536549.218519829,4451.44,2186.991283731752,316.28,6.085409618607904,18.00018509187755,,13.0
senate_district,Senate District 14,19450,1184,3501,5268721.521320784,2588522.8834249014,1107309.843703966,4449.93,2186.2524353250856,316.28,6.087403598971722,18.0,,14.0
senate_district,Senate District 15,38900,2367,7002,10537443.042641569,5177045.766849803,2214619.687407932,4451.81,2187.176073869794,316.28,6.084832904884319,18.0,,15.0
senate_district,Senate District 16,38900,2367,7002,10537443.042641569,5177045.766849803,2214619.687407932,4451.81,2187.176073869794,316.28,6.084832904884319,18.0,,16.0
senate_district,Senate District 17,58350,3551,10503,15806164.563962352,7765568.650274703,3321929.5311118974,4451.19,2186.8681076526905,316.28,6.085689802913453,18.0,,17.0
senate_district,Senate District 18,58350,3551,10503,15806164.563962352,7765568.650274703,3321929.5311118974,4451.19,2186.8681076526905,316.28,6.085689802913453,18.0,,18.0
senate_district,Senate District 19,38900,2367,7002,10537443.042641569,5177045.766849803,2214619.687407932,4451.81,2187.176073869794,316.28,6.084832904884319,18.0,,19.0
senate_district,Senate District 20,38900,2367,7002,10537443.042641569,5177045.766849803,2214619.687407932,4451.81,2187.176073869794,316.28,6.084832904884319,18.0,,20.0
senate_district,Senate District 21,38900,2367,7002,10537443.042641569,5177045.766849803,2214619.687407932,4451.81,2187.176073869794,316.28,6.084832904884319,18.0,,21.0
senate_district,Senate District 22,38900,2367,7002,10537443.042641569,5177045.766849803,2214619.687407932,4451.81,2187.176073869794,316.28,6.084832904884319,18.0,,22.0
senate_district,Senate District 23,97249,5918,17505,26343607.606603924,12942614.417124508,5536549.218519829,4451.44,2186.991283731752,316.28,6.085409618607904,18.00018509187755,,23.0
senate_district,Senate District 24,58350,3551,10503,15806164.563962352,7765568.650274703,3321929.5311118974,4451.19,2186.8681076526905,316.28,6.085689802913453,18.0,,24.0
senate_district,Senate District 25,38900,2367,7002,10537443.042641569,5177045.766849803,2214619.687407932,4451.81,2187.176073869794,316.28,6.084832904884319,18.0,,25.0
